0.000000000000000000e+00,0.000000000000000000e+00,0.000000000000000000e+00,0.000000000000000000e+00,0.000000000000000000e+00,0.000000000000000000e+00,0.000000000000000000e+00,0.000000000000000000e+00,0.000000000000000000e+00,0.000000000000000000e+00,0.000000000000000000e+00,0.000000000000000000e+00
0.000000000000000000e+00,2.140399932861328125e+00,1.399999976158142090e+00,3.873399963378906250e+02,3.860599975585937500e+02,1.418999958038330078e+01,-1.113500000000000000e+03,-3.612322235107421875e+01,-3.645589687500000000e+05,5.051180124282836914e-01,3.964211791753768921e-03,5.503056198358535767e-02
5.555540323257446289e-03,2.138303041458129883e+00,1.354853630065917969e+00,3.874021911621093750e+02,3.855921020507812500e+02,1.398931503295898438e+01,-3.138828125000000000e+03,7.707927703857421875e+01,-6.213333984375000000e+04,4.612564146518707275e-01,2.375971293076872826e-03,5.503056198358535767e-02
1.111114025115966797e-02,2.138551235198974609e+00,1.315400123596191406e+00,3.873227233886718750e+02,3.848063049316406250e+02,1.441753292083740234e+01,-3.484013183593750000e+03,5.924286651611328125e+01,-2.567201406250000000e+05,4.207744300365447998e-01,2.453018212690949440e-03,5.503056198358535767e-02
1.666671037673950195e-02,2.146343469619750977e+00,1.278986573219299316e+00,3.871026306152343750e+02,3.838516235351562500e+02,1.474666023254394531e+01,-4.910236328125000000e+03,-1.796531867980957031e+01,-1.661902187500000000e+05,3.850128352642059326e-01,1.751894829794764519e-03,5.503056198358535767e-02
2.222251892089843750e-02,2.158066511154174805e+00,1.246819019317626953e+00,3.867393188476562500e+02,3.826387329101562500e+02,1.464685249328613281e+01,-5.833515625000000000e+03,7.501908111572265625e+01,-2.086450000000000000e+05,3.524236977100372314e-01,1.649843412451446056e-03,5.503056198358535767e-02
2.777841687202453613e-02,2.175621747970581055e+00,1.217505097389221191e+00,3.862330932617187500e+02,3.812584228515625000e+02,1.506362724304199219e+01,-6.992654296875000000e+03,2.310188484191894531e+01,-1.173798359375000000e+05,3.216328322887420654e-01,1.109877368435263634e-03,5.503056198358535767e-02
3.333398699760437012e-02,2.201116800308227539e+00,1.189808726310729980e+00,3.855879821777343750e+02,3.797920837402343750e+02,1.519197082519531250e+01,-7.644764160156250000e+03,1.288648986816406250e+01,-9.227253906250000000e+04,2.932801246643066406e-01,8.627924835309386253e-04,5.503056198358535767e-02
3.888952732086181641e-02,2.231955051422119141e+00,1.164305448532104492e+00,3.848418273925781250e+02,3.783633728027343750e+02,1.526356220245361328e+01,-8.157389648437500000e+03,-6.424753570556640625e+01,-3.182030078125000000e+04,2.683216929435729980e-01,6.759183597750961781e-04,5.503056198358535767e-02
4.444506764411926270e-02,2.264440536499023438e+00,1.141855359077453613e+00,3.840351562500000000e+02,3.770354919433593750e+02,1.490663146972656250e+01,-8.334168945312500000e+03,-7.587169170379638672e+00,-1.419215429687500000e+04,2.461726367473602295e-01,5.096550448797643185e-04,5.503056198358535767e-02
5.000060796737670898e-02,2.298040390014648438e+00,1.121932268142700195e+00,3.832015380859375000e+02,3.758460083007812500e+02,1.486448097229003906e+01,-8.413013671875000000e+03,1.636356735229492188e+01,1.575039355468750000e+04,2.249161303043365479e-01,4.052712465636432171e-04,5.503056198358535767e-02
5.555614829063415527e-02,2.335788011550903320e+00,1.102812051773071289e+00,3.823626098632812500e+02,3.747955017089843750e+02,1.495538902282714844e+01,-8.325511718750000000e+03,-3.967971420288085938e+01,3.348758203125000000e+04,2.051179856061935425e-01,3.359773254487663507e-04,5.503056198358535767e-02
6.111171841621398926e-02,2.375417947769165039e+00,1.085003614425659180e+00,3.815464782714843750e+02,3.738916931152343750e+02,1.473493194580078125e+01,-8.139470214843750000e+03,-3.358211755752563477e+00,6.202872656250000000e+04,1.869190484285354614e-01,2.746745885815471411e-04,5.503056198358535767e-02
6.666758656501770020e-02,2.415526151657104492e+00,1.068633675575256348e+00,3.807736816406250000e+02,3.731496276855468750e+02,1.471627616882324219e+01,-7.794866210937500000e+03,-4.053182220458984375e+01,8.157492187500000000e+04,1.702838242053985596e-01,2.556264225859194994e-04,5.503056198358535767e-02
7.222357392311096191e-02,2.455348968505859375e+00,1.053670287132263184e+00,3.800627746582031250e+02,3.725857543945312500e+02,1.449110317230224609e+01,-7.341672363281250000e+03,-2.368414878845214844e+01,9.690719531250000000e+04,1.554733663797378540e-01,2.254434948554262519e-04,5.503056198358535767e-02
7.777911424636840820e-02,2.493499755859375000e+00,1.040348291397094727e+00,3.794294128417968750e+02,3.722013854980468750e+02,1.435952949523925781e+01,-6.803295898437500000e+03,-1.396827125549316406e+01,9.771264843750000000e+04,1.420379132032394409e-01,1.886722166091203690e-04,5.503056198358535767e-02
8.333462476730346680e-02,2.530401229858398438e+00,1.028263092041015625e+00,3.788840026855468750e+02,3.719781799316406250e+02,1.428192806243896484e+01,-6.260447753906250000e+03,-9.182959556579589844e+00,1.186218281250000000e+05,1.298641115427017212e-01,1.991389144677668810e-04,5.503056198358535767e-02
8.889016509056091309e-02,2.565877437591552734e+00,1.017312765121459961e+00,3.784333496093750000e+02,3.719181518554687500e+02,1.423091125488281250e+01,-5.601437988281250000e+03,-9.720475196838378906e+00,9.690860937500000000e+04,1.190638467669487000e-01,1.382732443744316697e-04,5.503056198358535767e-02
9.444573521614074707e-02,2.599342823028564453e+00,1.007597923278808594e+00,3.780832214355468750e+02,3.719913940429687500e+02,1.417690944671630859e+01,-5.063056640625000000e+03,1.054245758056640625e+01,8.991627343750000000e+04,1.094861477613449097e-01,1.114544356823898852e-04,5.503056198358535767e-02
1.000012755393981934e-01,2.630863189697265625e+00,9.989827871322631836e-01,3.778299865722656250e+02,3.721511230468750000e+02,1.423547840118408203e+01,-4.563521484375000000e+03,9.750981330871582031e+00,8.735254687500000000e+04,1.010316312313079834e-01,9.562438935972750187e-05,5.503056198358535767e-02
1.055569350719451904e-01,2.660476684570312500e+00,9.913779497146606445e-01,3.776676025390625000e+02,3.723887939453125000e+02,1.428964996337890625e+01,-4.078229980468750000e+03,2.530065727233886719e+01,9.037785937500000000e+04,9.366265684366226196e-02,9.624512313166633248e-05,5.503056198358535767e-02
1.111125051975250244e-01,2.688109874725341797e+00,9.847495555877685547e-01,3.775908203125000000e+02,3.727093200683593750e+02,1.443021011352539062e+01,-3.576130371093750000e+03,4.051879119873046875e+01,8.690147656250000000e+04,8.711708337068557739e-02,9.311987378168851137e-05,5.503056198358535767e-02
1.166680455207824707e-01,2.714239120483398438e+00,9.788618087768554688e-01,3.775964965820312500e+02,3.731119079589843750e+02,1.465531349182128906e+01,-3.093344726562500000e+03,4.750760650634765625e+01,6.731000000000000000e+04,8.132506161928176880e-02,6.779559771530330181e-05,5.503056198358535767e-02
1.222235858440399170e-01,2.738955497741699219e+00,9.736518859863281250e-01,3.776797180175781250e+02,3.735659790039062500e+02,1.491924476623535156e+01,-2.719400146484375000e+03,6.353092575073242188e+01,3.488246875000000000e+04,7.619309425354003906e-02,5.125589450472034514e-05,5.503056198358535767e-02
1.277791261672973633e-01,2.762406587600708008e+00,9.690356850624084473e-01,3.778292236328125000e+02,3.740144653320312500e+02,1.527219676971435547e+01,-2.525608886718750000e+03,6.819232940673828125e+01,2.326739257812500000e+04,7.163895666599273682e-02,4.834040373680181801e-05,5.503056198358535767e-02
1.333348453044891357e-01,2.784724235534667969e+00,9.649392366409301758e-01,3.780280456542968750e+02,3.744294738769531250e+02,1.565104293823242188e+01,-2.396343750000000000e+03,7.854714202880859375e+01,3.437574609375000000e+04,6.760478764772415161e-02,6.522193143609911203e-05,5.503056198358535767e-02
1.388903856277465820e-01,2.805975437164306641e+00,9.613105058670043945e-01,3.782627868652343750e+02,3.748412170410156250e+02,1.608741569519042969e+01,-2.205367431640625000e+03,9.006858825683593750e+01,1.150504003906250000e+04,6.390672177076339722e-02,7.177941733971238136e-05,5.503056198358535767e-02
1.444459259510040283e-01,2.826504707336425781e+00,9.579840898513793945e-01,3.785261840820312500e+02,3.752454223632812500e+02,1.658779716491699219e+01,-2.141450439453125000e+03,9.212596130371093750e+01,-7.462233886718750000e+03,6.048953905701637268e-02,7.365530473180115223e-05,5.503056198358535767e-02
1.500014960765838623e-01,2.846389770507812500e+00,9.549103379249572754e-01,3.788071594238281250e+02,3.756029663085937500e+02,1.709960746765136719e+01,-2.182907226562500000e+03,8.996690368652343750e+01,-1.559237304687500000e+04,5.743847042322158813e-02,7.155828643590211868e-05,5.503056198358535767e-02
1.555570662021636963e-01,2.865386486053466797e+00,9.521659016609191895e-01,3.790927734375000000e+02,3.759035644531250000e+02,1.759942436218261719e+01,-2.269531494140625000e+03,8.810338592529296875e+01,2.540632812500000000e+03,5.480195209383964539e-02,6.660447979811578989e-05,5.503056198358535767e-02
1.611126363277435303e-01,2.883314132690429688e+00,9.497943520545959473e-01,3.793742065429687500e+02,3.761834716796875000e+02,1.808888816833496094e+01,-2.255416992187500000e+03,9.125662231445312500e+01,-1.345859375000000000e+04,5.250019952654838562e-02,7.303907477762550116e-05,5.503056198358535767e-02
1.666682064533233643e-01,2.900259971618652344e+00,9.477239251136779785e-01,3.796495971679687500e+02,3.764478759765625000e+02,1.859586906433105469e+01,-2.330187011718750000e+03,9.214626312255859375e+01,-2.524615234375000000e+04,5.040492489933967590e-02,7.855765579733997583e-05,5.503056198358535767e-02
1.722237765789031982e-01,2.916430950164794922e+00,9.458392262458801270e-01,3.799135131835937500e+02,3.766657714843750000e+02,1.910779380798339844e+01,-2.470443359375000000e+03,8.962226867675781250e+01,-3.401022656250000000e+04,4.844602197408676147e-02,7.938172348076477647e-05,5.503056198358535767e-02
1.777793169021606445e-01,2.931919574737548828e+00,9.440771937370300293e-01,3.801587829589843750e+02,3.768242187500000000e+02,1.960569381713867188e+01,-2.659389160156250000e+03,8.439464569091796875e+01,-3.898533203125000000e+04,4.659691825509071350e-02,7.508176349801942706e-05,5.503056198358535767e-02
1.833348572254180908e-01,2.946731328964233398e+00,9.424139261245727539e-01,3.803786621093750000e+02,3.769208984375000000e+02,2.007455444335937500e+01,-2.875974121093750000e+03,7.493733978271484375e+01,-3.755152734375000000e+04,4.488253220915794373e-02,6.166456296341493726e-05,5.503056198358535767e-02
1.888903975486755371e-01,2.960767745971679688e+00,9.408718347549438477e-01,3.805687255859375000e+02,3.769650268554687500e+02,2.049087333679199219e+01,-3.084593994140625000e+03,6.660497283935546875e+01,-4.948118359375000000e+04,4.332220926880836487e-02,6.092840339988470078e-05,5.503056198358535767e-02
1.944459378719329834e-01,2.973941564559936523e+00,9.394683241844177246e-01,3.807264709472656250e+02,3.769505920410156250e+02,2.086090087890625000e+01,-3.359489257812500000e+03,5.697782135009765625e+01,-2.836157617187500000e+04,4.189918562769889832e-02,3.712442412506788969e-05,5.503056198358535767e-02
2.000015079975128174e-01,2.986247539520263672e+00,9.381883144378662109e-01,3.808499755859375000e+02,3.769015808105468750e+02,2.117744445800781250e+01,-3.517053710937500000e+03,5.103186416625976562e+01,-3.611799609375000000e+04,4.055812954902648926e-02,3.642036972451023757e-05,5.503056198358535767e-02
2.055570483207702637e-01,2.997775554656982422e+00,9.369820356369018555e-01,3.809429626464843750e+02,3.768323669433593750e+02,2.146095466613769531e+01,-3.717709228515625000e+03,3.982644653320312500e+01,-2.962811328125000000e+04,3.929626196622848511e-02,2.456302536302246153e-05,5.503056198358535767e-02
2.111125886440277100e-01,3.008525609970092773e+00,9.358469843864440918e-01,3.810076904296875000e+02,3.767393493652343750e+02,2.168221282958984375e+01,-3.882309814453125000e+03,3.488600158691406250e+01,-3.699514453125000000e+04,3.809853643178939819e-02,2.614984077808912843e-05,5.503056198358535767e-02
2.166681587696075439e-01,3.018529891967773438e+00,9.347696304321289062e-01,3.810465087890625000e+02,3.766189270019531250e+02,2.187602233886718750e+01,-4.087838378906250000e+03,2.484956169128417969e+01,-4.017438281250000000e+04,3.694732859730720520e-02,2.367307388340122998e-05,5.503056198358535767e-02
2.222237586975097656e-01,3.027838468551635742e+00,9.337341189384460449e-01,3.810594177246093750e+02,3.764591979980468750e+02,2.201407623291015625e+01,-4.311029296875000000e+03,1.717535400390625000e+01,-3.310149609375000000e+04,3.585635498166084290e-02,1.702928057056851685e-05,5.503056198358535767e-02
2.277792990207672119e-01,3.036438703536987305e+00,9.327527880668640137e-01,3.810464782714843750e+02,3.762710571289062500e+02,2.210949516296386719e+01,-4.494926757812500000e+03,1.340749549865722656e+01,-2.733706054687500000e+04,3.475524112582206726e-02,1.365774642181349918e-05,5.503056198358535767e-02
2.333348691463470459e-01,3.044493675231933594e+00,9.317623376846313477e-01,3.810101318359375000e+02,3.760714721679687500e+02,2.218397903442382812e+01,-4.646799316406250000e+03,4.707468509674072266e+00,-3.156422265625000000e+04,3.363405168056488037e-02,1.509013691247673705e-05,5.503056198358535767e-02
2.388904094696044922e-01,3.052058696746826172e+00,9.307538270950317383e-01,3.809536743164062500e+02,3.758574829101562500e+02,2.221013069152832031e+01,-4.822156250000000000e+03,-3.213006019592285156e+00,-2.343793359375000000e+04,3.255951032042503357e-02,1.181135394290322438e-05,5.503056198358535767e-02
2.444459795951843262e-01,3.059032917022705078e+00,9.297872781753540039e-01,3.808791809082031250e+02,3.756333618164062500e+02,2.219228172302246094e+01,-4.952367187500000000e+03,-8.488345146179199219e+00,-1.872616406250000000e+04,3.155329078435897827e-02,1.127946234191767871e-05,5.503056198358535767e-02
2.500016093254089355e-01,3.065402507781982422e+00,9.288821816444396973e-01,3.807901306152343750e+02,3.754121093750000000e+02,2.214512443542480469e+01,-5.056401855468750000e+03,-1.221568775177001953e+01,-9.559361328125000000e+03,3.060485050082206726e-02,1.034912020259071141e-05,5.503056198358535767e-02
2.555571794509887695e-01,3.071218013763427734e+00,9.280290603637695312e-01,3.806906127929687500e+02,3.752053222656250000e+02,2.207725715637207031e+01,-5.109509765625000000e+03,-1.373248100280761719e+01,1.421497802734375000e+03,2.969172969460487366e-02,1.055155280482722446e-05,5.503056198358535767e-02
2.611127495765686035e-01,3.076560020446777344e+00,9.272077083587646484e-01,3.805860900878906250e+02,3.750294494628906250e+02,2.200096702575683594e+01,-5.101612304687500000e+03,-1.697251892089843750e+01,-1.710327636718750000e+03,2.883857674896717072e-02,1.202284056489588693e-05,5.503056198358535767e-02
2.666682004928588867e-01,3.081417083740234375e+00,9.264402985572814941e-01,3.804822387695312500e+02,3.748801574707031250e+02,2.190667533874511719e+01,-5.111114257812500000e+03,-1.568815422058105469e+01,-1.388825878906250000e+04,2.805135957896709442e-02,1.387314205203438178e-05,5.503056198358535767e-02
2.722237706184387207e-01,3.085812330245971680e+00,9.257321953773498535e-01,3.803805847167968750e+02,3.747284545898437500e+02,2.181951904296875000e+01,-5.188271484375000000e+03,-1.869369506835937500e+01,-9.874605468750000000e+03,2.733186259865760803e-02,1.448778402846073732e-05,5.503056198358535767e-02
2.777793407440185547e-01,3.089774370193481445e+00,9.250850081443786621e-01,3.802787475585937500e+02,3.745671691894531250e+02,2.171566390991210938e+01,-5.243130371093750000e+03,-2.099808311462402344e+01,1.603721313476562500e+03,2.671938203275203705e-02,1.493448780820472166e-05,5.503056198358535767e-02
2.833348512649536133e-01,3.093247413635253906e+00,9.245340824127197266e-01,3.801767883300781250e+02,3.744195251464843750e+02,2.159900856018066406e+01,-5.234220703125000000e+03,-2.305944633483886719e+01,1.010003808593750000e+04,2.624724991619586945e-02,1.694002821750473231e-05,5.503056198358535767e-02
2.888904511928558350e-01,3.096187829971313477e+00,9.241093993186950684e-01,3.800783691406250000e+02,3.743050537109375000e+02,2.147089958190917969e+01,-5.178109375000000000e+03,-2.091948127746582031e+01,2.228975585937500000e+04,2.591056190431118011e-02,1.978889304155018181e-05,5.503056198358535767e-02
2.944462895393371582e-01,3.098622322082519531e+00,9.238065481185913086e-01,3.799885559082031250e+02,3.742392272949218750e+02,2.135468101501464844e+01,-5.054276855468750000e+03,-2.176672554016113281e+01,1.488720019531250000e+04,2.573350258171558380e-02,1.788317786122206599e-05,5.503056198358535767e-02
3.000018596649169922e-01,3.100525856018066406e+00,9.236472845077514648e-01,3.799125366210937500e+02,3.742117614746093750e+02,2.123375320434570312e+01,-4.971569824218750000e+03,-1.701668739318847656e+01,1.869425390625000000e+04,2.571567893028259277e-02,1.741435153235215694e-05,5.503056198358535767e-02
3.055574297904968262e-01,3.101916074752807617e+00,9.236312508583068848e-01,3.798514709472656250e+02,3.742103271484375000e+02,2.113921546936035156e+01,-4.867712402343750000e+03,-1.187416648864746094e+01,5.741780761718750000e+03,2.578008733689785004e-02,1.337465891992906108e-05,5.503056198358535767e-02
3.111130595207214355e-01,3.102963447570800781e+00,9.236891865730285645e-01,3.798049926757812500e+02,3.742178039550781250e+02,2.107324790954589844e+01,-4.835813964843750000e+03,-9.512866973876953125e+00,7.807484863281250000e+03,2.588935755193233490e-02,1.309303388552507386e-05,5.503056198358535767e-02
3.166686296463012695e-01,3.103764772415161133e+00,9.237874746322631836e-01,3.797697448730468750e+02,3.742239074707031250e+02,2.102039909362792969e+01,-4.792438476562500000e+03,-7.332945346832275391e+00,1.377474243164062500e+03,2.603354677557945251e-02,1.215542852150974795e-05,5.503056198358535767e-02
3.222241997718811035e-01,3.104358673095703125e+00,9.239171743392944336e-01,3.797432250976562500e+02,3.742267150878906250e+02,2.097966003417968750e+01,-4.784786132812500000e+03,-8.256250381469726562e+00,3.651770507812500000e+03,2.623386494815349579e-02,1.221609727508621290e-05,5.503056198358535767e-02
3.277797996997833252e-01,3.104719161987304688e+00,9.240973591804504395e-01,3.797226562500000000e+02,3.742259826660156250e+02,2.093379211425781250e+01,-4.764498046875000000e+03,-6.486663818359375000e+00,1.038789746093750000e+04,2.649613842368125916e-02,1.259439977729925886e-05,5.503056198358535767e-02
3.333352804183959961e-01,3.104845285415649414e+00,9.243332743644714355e-01,3.797072753906250000e+02,3.742365722656250000e+02,2.089775466918945312e+01,-4.706787597656250000e+03,-6.691384792327880859e+00,1.008713183593750000e+04,2.682076580822467804e-02,1.230888938152929768e-05,5.503056198358535767e-02
3.388908505439758301e-01,3.104746580123901367e+00,9.246252775192260742e-01,3.796982727050781250e+02,3.742635498046875000e+02,2.086058044433593750e+01,-4.650748046875000000e+03,-2.987990856170654297e+00,1.875199023437500000e+04,2.718733996152877808e-02,1.385855739499675110e-05,5.503056198358535767e-02
3.444464206695556641e-01,3.104471921920776367e+00,9.249550104141235352e-01,3.796970520019531250e+02,3.743144836425781250e+02,2.084397888183593750e+01,-4.546569824218750000e+03,-2.895533084869384766e+00,1.794515234375000000e+04,2.759552747011184692e-02,1.328665985056431964e-05,5.503056198358535767e-02
3.500019907951354980e-01,3.104034423828125000e+00,9.253221750259399414e-01,3.797061462402343750e+02,3.743924255371093750e+02,2.082789421081542969e+01,-4.446874511718750000e+03,1.467213392257690430e+00,1.773028125000000000e+04,2.804599143564701080e-02,1.282704306504456326e-05,5.503056198358535767e-02
3.555575609207153320e-01,3.103445291519165039e+00,9.257273674011230469e-01,3.797268371582031250e+02,3.744900817871093750e+02,2.083604049682617188e+01,-4.348372070312500000e+03,1.285034298896789551e+00,1.044146679687500000e+04,2.855258062481880188e-02,1.068613528332207352e-05,5.503056198358535767e-02
3.611131310462951660e-01,3.102683544158935547e+00,9.261830449104309082e-01,3.797588195800781250e+02,3.745945129394531250e+02,2.084317970275878906e+01,-4.290363769531250000e+03,4.593103885650634766e+00,-6.106323852539062500e+02,2.912410907447338104e-02,9.505514753982424736e-06,5.503056198358535767e-02
3.666687607765197754e-01,3.101739883422851562e+00,9.266971349716186523e-01,3.797990417480468750e+02,3.746840209960937500e+02,2.086869812011718750e+01,-4.293756347656250000e+03,6.466526985168457031e+00,3.382239990234375000e+03,2.971200644969940186e-02,9.359764590044505894e-06,5.503056198358535767e-02
3.722243607044219971e-01,3.100714206695556641e+00,9.272259473800659180e-01,3.798428344726562500e+02,3.747593383789062500e+02,2.090462303161621094e+01,-4.274965820312500000e+03,5.386911869049072266e+00,5.825910156250000000e+03,3.031885251402854919e-02,9.021289770316798240e-06,5.503056198358535767e-02
3.777797818183898926e-01,3.099606037139892578e+00,9.277718067169189453e-01,3.798885498046875000e+02,3.748345336914062500e+02,2.093454742431640625e+01,-4.242599609375000000e+03,6.339657783508300781e+00,-9.062250000000000000e+03,3.094909153878688812e-02,9.103065167437307537e-06,5.503056198358535767e-02
3.833352923393249512e-01,3.098409891128540039e+00,9.283387064933776855e-01,3.799350280761718750e+02,3.748933105468750000e+02,2.096976852416992188e+01,-4.292945800781250000e+03,5.684161663055419922e+00,-7.271956176757812500e+02,3.158370405435562134e-02,7.917025868664495647e-06,5.503056198358535767e-02
3.888908624649047852e-01,3.097164630889892578e+00,9.289095401763916016e-01,3.799786071777343750e+02,3.749356689453125000e+02,2.100134658813476562e+01,-4.296985839843750000e+03,4.424513339996337891e+00,-7.134485351562500000e+03,3.222242370247840881e-02,7.829383321222849190e-06,5.503056198358535767e-02
3.944464325904846191e-01,3.095871448516845703e+00,9.294840693473815918e-01,3.800184631347656250e+02,3.749674987792968750e+02,2.102592849731445312e+01,-4.336622070312500000e+03,4.102857112884521484e+00,2.938532714843750000e+03,3.285319358110427856e-02,7.049402029224438593e-06,5.503056198358535767e-02
4.000020027160644531e-01,3.094555377960205078e+00,9.300514459609985352e-01,3.800538024902343750e+02,3.749973144531250000e+02,2.104872131347656250e+01,-4.320296386718750000e+03,2.676160097122192383e+00,-1.200333129882812500e+03,3.347462043166160583e-02,6.527345703943865374e-06,5.503056198358535767e-02
4.055575728416442871e-01,3.093222379684448242e+00,9.306104183197021484e-01,3.800862731933593750e+02,3.750303039550781250e+02,2.106358909606933594e+01,-4.326965332031250000e+03,3.185191631317138672e+00,-8.354751953125000000e+03,3.407901525497436523e-02,6.782187483622692525e-06,5.503056198358535767e-02
4.111131429672241211e-01,3.091889858245849609e+00,9.311540722846984863e-01,3.801156311035156250e+02,3.750501098632812500e+02,2.108128356933593750e+01,-4.373380371093750000e+03,1.157852411270141602e+00,4.587623535156250000e+03,3.466386348009109497e-02,5.953076197329210117e-06,5.503056198358535767e-02
4.166687130928039551e-01,3.090565681457519531e+00,9.316801428794860840e-01,3.801408081054687500e+02,3.750693359375000000e+02,2.108771705627441406e+01,-4.347893554687500000e+03,1.794490337371826172e+00,-7.565151855468750000e+03,3.522657975554466248e-02,5.965466698398813605e-06,5.503056198358535767e-02
4.222242832183837891e-01,3.089257717132568359e+00,9.321863055229187012e-01,3.801633605957031250e+02,3.750854492187500000e+02,2.109768676757812500e+01,-4.389922363281250000e+03,-1.404543220996856689e-01,-1.240847656250000000e+04,3.576623275876045227e-02,6.474582733062561601e-06,5.503056198358535767e-02
4.277798533439636230e-01,3.087970733642578125e+00,9.326717257499694824e-01,3.801813659667968750e+02,3.750782470703125000e+02,2.109690475463867188e+01,-4.458858886718750000e+03,-1.259370803833007812e+00,-1.004118847656250000e+04,3.628674149513244629e-02,5.757608505518874153e-06,5.503056198358535767e-02
4.333354532718658447e-01,3.086698055267333984e+00,9.331399202346801758e-01,3.801923217773437500e+02,3.750520019531250000e+02,2.108990859985351562e+01,-4.514643554687500000e+03,-3.275693416595458984e+00,-1.305292773437500000e+04,3.678153455257415771e-02,6.178093826747499406e-06,5.503056198358535767e-02
4.388910233974456787e-01,3.085452556610107422e+00,9.335849881172180176e-01,3.801953125000000000e+02,3.750097961425781250e+02,2.107171058654785156e+01,-4.587159667968750000e+03,-4.355245590209960938e+00,-1.453585449218750000e+03,3.723895549774169922e-02,4.577142590278526768e-06,5.503056198358535767e-02
4.444465637207031250e-01,3.084256649017333984e+00,9.339964389801025391e-01,3.801902770996093750e+02,3.749665222167968750e+02,2.104751586914062500e+01,-4.595235351562500000e+03,-5.552372932434082031e+00,-7.230708496093750000e+03,3.765079006552696228e-02,4.907780294161057100e-06,5.503056198358535767e-02
4.500021338462829590e-01,3.083130121231079102e+00,9.343668818473815918e-01,3.801796875000000000e+02,3.749254455566406250e+02,2.101666831970214844e+01,-4.635405761718750000e+03,-7.623219490051269531e+00,-1.530503027343750000e+04,3.803618252277374268e-02,6.517729161714669317e-06,5.503056198358535767e-02
4.555577039718627930e-01,3.082038402557373047e+00,9.347135424613952637e-01,3.801634521484375000e+02,3.748665161132812500e+02,2.097431755065917969e+01,-4.720434082031250000e+03,-9.655840873718261719e+00,-4.676021972656250000e+03,3.841143473982810974e-02,4.822848040930693969e-06,5.503056198358535767e-02
4.611132740974426270e-01,3.080949068069458008e+00,9.350510835647583008e-01,3.801401977539062500e+02,3.747990417480468750e+02,2.092067527770996094e+01,-4.746412109375000000e+03,-1.111197185516357422e+01,-2.467495849609375000e+03,3.878225013613700867e-02,4.777579306391999125e-06,5.503056198358535767e-02
4.666688442230224609e-01,3.079850196838378906e+00,9.353846311569213867e-01,3.801117248535156250e+02,3.747387695312500000e+02,2.085894203186035156e+01,-4.760120605468750000e+03,-1.165005970001220703e+01,-1.680671508789062500e+03,3.914869204163551331e-02,4.691077265306375921e-06,5.503056198358535767e-02
4.722244143486022949e-01,3.078741073608398438e+00,9.357142448425292969e-01,3.800801696777343750e+02,3.746849365234375000e+02,2.079421806335449219e+01,-4.769457519531250000e+03,-1.161760044097900391e+01,-8.537922851562500000e+03,3.950128331780433655e-02,5.131529178470373154e-06,5.503056198358535767e-02
4.777799844741821289e-01,3.077641487121582031e+00,9.360314011573791504e-01,3.800464782714843750e+02,3.746260375976562500e+02,2.072967720031738281e+01,-4.816890625000000000e+03,-1.227816581726074219e+01,1.084201953125000000e+04,3.983618319034576416e-02,5.506779871211620048e-06,5.503056198358535767e-02
4.833355545997619629e-01,3.076561450958251953e+00,9.363326430320739746e-01,3.800108947753906250e+02,3.745809631347656250e+02,2.066146469116210938e+01,-4.756657226562500000e+03,-1.214190864562988281e+01,8.286617187500000000e+03,4.016763344407081604e-02,4.920805167785147205e-06,5.503056198358535767e-02
4.888911247253417969e-01,3.075476169586181641e+00,9.366307854652404785e-01,3.799778442382812500e+02,3.745631103515625000e+02,2.059400939941406250e+01,-4.710620117187500000e+03,-1.091531181335449219e+01,6.418967285156250000e+03,4.050571471452713013e-02,4.304874437366379425e-06,5.503056198358535767e-02
4.944466948509216309e-01,3.074369192123413086e+00,9.369348883628845215e-01,3.799497680664062500e+02,3.745582885742187500e+02,2.053336715698242188e+01,-4.674959472656250000e+03,-1.021997928619384766e+01,7.002928710937500000e+03,4.085956513881683350e-02,4.105047992197796702e-06,5.503056198358535767e-02
5.000022649765014648e-01,3.073222160339355469e+00,9.372531771659851074e-01,3.799270629882812500e+02,3.745621337890625000e+02,2.047659111022949219e+01,-4.636054199218750000e+03,-9.948510169982910156e+00,8.989922851562500000e+03,4.125158488750457764e-02,4.178370545560028404e-06,5.503056198358535767e-02
5.055578351020812988e-01,3.071999073028564453e+00,9.376057982444763184e-01,3.799101257324218750e+02,3.745768127441406250e+02,2.042132186889648438e+01,-4.586109863281250000e+03,-6.869623661041259766e+00,5.989388183593750000e+03,4.166613519191741943e-02,3.192809572283294983e-06,5.503056198358535767e-02
5.111134052276611328e-01,3.070726871490478516e+00,9.379786849021911621e-01,3.798992004394531250e+02,3.745987243652343750e+02,2.038315773010253906e+01,-4.552835449218750000e+03,-5.611480712890625000e+00,2.374298339843750000e+03,4.207743704319000244e-02,2.648621375556103885e-06,5.503056198358535767e-02
5.166690349578857422e-01,3.069459199905395508e+00,9.383486509323120117e-01,3.798934020996093750e+02,3.746190490722656250e+02,2.035198211669921875e+01,-4.539644531250000000e+03,-4.640777111053466797e+00,2.346200927734375000e+03,4.248509183526039124e-02,2.417792757114511915e-06,5.503056198358535767e-02
5.222246050834655762e-01,3.068199157714843750e+00,9.387153387069702148e-01,3.798910827636718750e+02,3.746359558105468750e+02,2.032620048522949219e+01,-4.526610351562500000e+03,-4.990843772888183594e+00,5.035042968750000000e+03,4.290321841835975647e-02,2.473573204042622820e-06,5.503056198358535767e-02
5.277801752090454102e-01,3.066921234130859375e+00,9.390914440155029297e-01,3.798914794921875000e+02,3.746553649902343750e+02,2.029847335815429688e+01,-4.498637695312500000e+03,-3.190809488296508789e+00,1.016244335937500000e+04,4.332770779728889465e-02,2.874884557968471199e-06,5.503056198358535767e-02
5.333356857299804688e-01,3.065632820129394531e+00,9.394732713699340820e-01,3.798951110839843750e+02,3.746872558593750000e+02,2.028074645996093750e+01,-4.442179687500000000e+03,-3.024605512619018555e+00,1.269667434692382812e+02,4.375802725553512573e-02,1.843431277848139871e-06,5.503056198358535767e-02
5.388913154602050781e-01,3.064337730407714844e+00,9.398603439331054688e-01,3.799028930664062500e+02,3.747208557128906250e+02,2.026394271850585938e+01,-4.441474121093750000e+03,-1.343906998634338379e+00,2.466098388671875000e+03,4.418900981545448303e-02,1.700114239611139055e-06,5.503056198358535767e-02
5.444468855857849121e-01,3.063044548034667969e+00,9.402480125427246094e-01,3.799130859375000000e+02,3.747485351562500000e+02,2.025647735595703125e+01,-4.427773925781250000e+03,-2.246552228927612305e+00,9.846000976562500000e+03,4.462522640824317932e-02,2.378170165684423409e-06,5.503056198358535767e-02
5.500024557113647461e-01,3.061747550964355469e+00,9.406403899192810059e-01,3.799254455566406250e+02,3.747857360839843750e+02,2.024399566650390625e+01,-4.373073730468750000e+03,-4.481675922870635986e-01,-4.040599121093750000e+03,4.507112130522727966e-02,1.519340230515808798e-06,5.503056198358535767e-02
5.555580258369445801e-01,3.060435771942138672e+00,9.410414695739746094e-01,3.799407043457031250e+02,3.748198242187500000e+02,2.024150657653808594e+01,-4.395521484375000000e+03,-2.958242893218994141e-01,8.446041992187500000e+03,4.551051929593086243e-02,1.871105155260011088e-06,5.503056198358535767e-02
5.611135363578796387e-01,3.059142589569091797e+00,9.414367079734802246e-01,3.799569702148437500e+02,3.748535766601562500e+02,2.023986244201660156e+01,-4.348599121093750000e+03,1.287611365318298340e+00,-2.324695068359375000e+03,4.592943936586380005e-02,1.210969230669434182e-06,5.503056198358535767e-02
5.666691064834594727e-01,3.057895898818969727e+00,9.418135285377502441e-01,3.799749450683593750e+02,3.748874206542968750e+02,2.024701690673828125e+01,-4.361514160156250000e+03,7.763236761093139648e-01,4.772381591796875000e+02,4.632616415619850159e-02,1.059432747751998249e-06,5.503056198358535767e-02
5.722247958183288574e-01,3.056703090667724609e+00,9.421703815460205078e-01,3.799930419921875000e+02,3.749132995605468750e+02,2.025132942199707031e+01,-4.358862792968750000e+03,1.203181505203247070e+00,4.685532226562500000e+03,4.670565947890281677e-02,1.163188812824955676e-06,5.503056198358535767e-02
5.777803659439086914e-01,3.055552482604980469e+00,9.425117373466491699e-01,3.800110473632812500e+02,3.749429016113281250e+02,2.025801467895507812e+01,-4.332832031250000000e+03,3.673216402530670166e-01,-1.857154785156250000e+03,4.708084836602210999e-02,9.084759540201048367e-07,5.503056198358535767e-02
5.833358764648437500e-01,3.054420948028564453e+00,9.428492188453674316e-01,3.800295104980468750e+02,3.749709777832031250e+02,2.026005363464355469e+01,-4.343149414062500000e+03,1.054183840751647949e+00,-3.938176269531250000e+03,4.745398089289665222e-02,9.397801932209404185e-07,5.503056198358535767e-02
5.888914465904235840e-01,3.053302288055419922e+00,9.431848526000976562e-01,3.800471191406250000e+02,3.749879760742187500e+02,2.026591110229492188e+01,-4.365028320312500000e+03,4.717460274696350098e-01,-3.222627929687500000e+03,4.781366139650344849e-02,8.143295531226613093e-07,5.503056198358535767e-02
5.944470167160034180e-01,3.052220821380615234e+00,9.435083866119384766e-01,3.800624694824218750e+02,3.749960632324218750e+02,2.026853179931640625e+01,-4.382931640625000000e+03,5.041779279708862305e-01,-8.085935058593750000e+03,4.815160855650901794e-02,1.219949695041577797e-06,5.503056198358535767e-02
6.000026464462280273e-01,3.051186800003051758e+00,9.438123703002929688e-01,3.800745849609375000e+02,3.749919738769531250e+02,2.027133178710937500e+01,-4.427853515625000000e+03,-3.125268518924713135e-01,-7.979071777343750000e+03,4.845655709505081177e-02,1.146910790339461528e-06,5.503056198358535767e-02
6.055581569671630859e-01,3.050224781036376953e+00,9.440866708755493164e-01,3.800819396972656250e+02,3.749734802246093750e+02,2.026959609985351562e+01,-4.472182128906250000e+03,-1.405878663063049316e+00,-8.203970703125000000e+03,4.872691631317138672e-02,1.145866576734988485e-06,5.503056198358535767e-02
6.111137866973876953e-01,3.049337625503540039e+00,9.443298578262329102e-01,3.800836181640625000e+02,3.749438781738281250e+02,2.026178550720214844e+01,-4.517759765625000000e+03,-2.755494832992553711e+00,2.459838623046875000e+03,4.896619543433189392e-02,6.277568331825023051e-07,5.503056198358535767e-02
6.166693568229675293e-01,3.048518180847167969e+00,9.445450901985168457e-01,3.800800781250000000e+02,3.749190673828125000e+02,2.024647712707519531e+01,-4.504093750000000000e+03,-4.137929916381835938e+00,3.502695312500000000e+03,4.919566959142684937e-02,7.248440851981285959e-07,5.503056198358535767e-02
6.222248673439025879e-01,3.047724485397338867e+00,9.447515010833740234e-01,3.800744018554687500e+02,3.749092712402343750e+02,2.022348976135253906e+01,-4.484634765625000000e+03,-3.650350093841552734e+00,4.987274902343750000e+03,4.942414909601211548e-02,7.640397825525724329e-07,5.503056198358535767e-02
6.277804970741271973e-01,3.046937942504882812e+00,9.449570178985595703e-01,3.800690917968750000e+02,3.749116210937500000e+02,2.020320892333984375e+01,-4.456927246093750000e+03,-3.074594020843505859e+00,-4.564938476562500000e+03,4.964474216103553772e-02,6.625790547332144342e-07,5.503056198358535767e-02
6.333360671997070312e-01,3.046173095703125000e+00,9.451554417610168457e-01,3.800650634765625000e+02,3.749108886718750000e+02,2.018612861633300781e+01,-4.482288085937500000e+03,-2.661894559860229492e+00,-2.282518310546875000e+02,4.984876886010169983e-02,4.341252406447893009e-07,5.503056198358535767e-02
6.388916373252868652e-01,3.045448064804077148e+00,9.453389644622802734e-01,3.800606994628906250e+02,3.749034118652343750e+02,2.017134284973144531e+01,-4.483556152343750000e+03,-3.489182710647583008e+00,-2.711190429687500000e+03,5.004371702671051025e-02,5.127925533088273369e-07,5.503056198358535767e-02
6.444472074508666992e-01,3.044747829437255859e+00,9.455143213272094727e-01,3.800556640625000000e+02,3.748931884765625000e+02,2.015195846557617188e+01,-4.498618164062500000e+03,-3.691304922103881836e+00,-2.086996582031250000e+03,5.023952946066856384e-02,4.729660361135756830e-07,5.503056198358535767e-02
6.500027775764465332e-01,3.044050693511962891e+00,9.456904530525207520e-01,3.800494689941406250e+02,3.748788757324218750e+02,2.013145256042480469e+01,-4.510212890625000000e+03,-3.650095462799072266e+00,2.840759887695312500e+02,5.043003708124160767e-02,4.088727791895507835e-07,5.503056198358535767e-02
6.555583477020263672e-01,3.043370723724365234e+00,9.458618164062500000e-01,3.800421142578125000e+02,3.748654479980468750e+02,2.011117362976074219e+01,-4.508634765625000000e+03,-3.339903354644775391e+00,8.416416625976562500e+02,5.060563981533050537e-02,3.736523694897186942e-07,5.503056198358535767e-02
6.611139178276062012e-01,3.042725563049316406e+00,9.460197687149047852e-01,3.800342407226562500e+02,3.748556518554687500e+02,2.009261894226074219e+01,-4.503958984375000000e+03,-3.488543510437011719e+00,-3.912530029296875000e+03,5.076652765274047852e-02,4.881056838712538593e-07,5.503056198358535767e-02
6.666694879531860352e-01,3.042115688323974609e+00,9.461644887924194336e-01,3.800261230468750000e+02,3.748423156738281250e+02,2.007323837280273438e+01,-4.525695312500000000e+03,-4.149557590484619141e+00,-8.241017578125000000e+03,5.092304199934005737e-02,9.642094482842367142e-07,5.503056198358535767e-02
6.722250580787658691e-01,3.041520595550537109e+00,9.463052749633789062e-01,3.800164184570312500e+02,3.748153991699218750e+02,2.005018424987792969e+01,-4.571478515625000000e+03,-4.033654212951660156e+00,1.302808837890625000e+03,5.106657370924949646e-02,3.722827841556863859e-07,5.503056198358535767e-02
6.777806282043457031e-01,3.040956020355224609e+00,9.464343786239624023e-01,3.800038757324218750e+02,3.747868957519531250e+02,2.002777481079101562e+01,-4.564240722656250000e+03,-4.684510231018066406e+00,3.805470947265625000e+03,5.119459331035614014e-02,5.166665459910291247e-07,5.503056198358535767e-02
6.833361387252807617e-01,3.040426492691040039e+00,9.465495347976684570e-01,3.799902954101562500e+02,3.747707214355468750e+02,2.000175094604492188e+01,-4.543099121093750000e+03,-4.227081298828125000e+00,-8.928677368164062500e+02,5.131307616829872131e-02,3.519662641338072717e-07,5.503056198358535767e-02
6.888917088508605957e-01,3.039921522140502930e+00,9.466561079025268555e-01,3.799773559570312500e+02,3.747587585449218750e+02,1.997826576232910156e+01,-4.548059570312500000e+03,-4.964409828186035156e+00,-3.980114501953125000e+03,5.143334344029426575e-02,5.268299787530850153e-07,5.503056198358535767e-02
6.944472789764404297e-01,3.039419174194335938e+00,9.467642903327941895e-01,3.799646606445312500e+02,3.747402343750000000e+02,1.995068550109863281e+01,-4.570171386718750000e+03,-4.590651035308837891e+00,3.731497314453125000e+03,5.155818536877632141e-02,4.675165996559371706e-07,5.503056198358535767e-02
7.000029087066650391e-01,3.038912773132324219e+00,9.468765854835510254e-01,3.799514465332031250e+02,3.747242736816406250e+02,1.992518234252929688e+01,-4.549440917968750000e+03,-4.255618095397949219e+00,7.813161621093750000e+03,5.167852342128753662e-02,8.346909794454404619e-07,5.503056198358535767e-02
7.055584788322448730e-01,3.038419246673583984e+00,9.469848275184631348e-01,3.799395141601562500e+02,3.747240905761718750e+02,1.990154075622558594e+01,-4.506034179687500000e+03,-3.741905212402343750e+00,6.120575683593750000e+03,5.180044844746589661e-02,5.861264753548312001e-07,5.503056198358535767e-02
7.111140489578247070e-01,3.037928581237792969e+00,9.470945000648498535e-01,3.799309997558593750e+02,3.747369689941406250e+02,1.988075256347656250e+01,-4.472031250000000000e+03,-2.346473455429077148e+00,1.869923095703125000e+03,5.192250758409500122e-02,2.113490751298741088e-07,5.503056198358535767e-02
7.166695594787597656e-01,3.037445068359375000e+00,9.472042918205261230e-01,3.799263000488281250e+02,3.747518310546875000e+02,1.986771583557128906e+01,-4.461642578125000000e+03,-2.158045291900634766e+00,2.426942382812500000e+03,5.204681679606437683e-02,2.140744186363008339e-07,5.503056198358535767e-02
7.222251892089843750e-01,3.036964178085327148e+00,9.473161101341247559e-01,3.799244995117187500e+02,3.747651672363281250e+02,1.985572624206542969e+01,-4.448159667968750000e+03,-9.336370825767517090e-01,9.041771850585937500e+02,5.216914042830467224e-02,1.282008099678932922e-07,5.503056198358535767e-02
7.277806997299194336e-01,3.036496639251708984e+00,9.474261403083801270e-01,3.799248352050781250e+02,3.747770996093750000e+02,1.985054016113281250e+01,-4.443136230468750000e+03,-5.817373394966125488e-01,6.884200683593750000e+03,5.228185653686523438e-02,5.141491783433593810e-07,5.503056198358535767e-02
7.333362698554992676e-01,3.036058187484741211e+00,9.475275278091430664e-01,3.799270019531250000e+02,3.747951049804687500e+02,1.984730720520019531e+01,-4.404890625000000000e+03,9.173457324504852295e-02,5.699534667968750000e+03,5.238920450210571289e-02,3.754756505713885417e-07,5.503056198358535767e-02
7.388921976089477539e-01,3.035644054412841797e+00,9.476240873336791992e-01,3.799321594238281250e+02,3.748229370117187500e+02,1.984781837463378906e+01,-4.373226562500000000e+03,1.018518209457397461e+00,3.208834716796875000e+03,5.249277502298355103e-02,1.866202694600360701e-07,5.503056198358535767e-02
7.444478273391723633e-01,3.035246372222900391e+00,9.477172493934631348e-01,3.799406738281250000e+02,3.748534851074218750e+02,1.985347557067871094e+01,-4.355399414062500000e+03,1.544157743453979492e+00,5.611093750000000000e+03,5.259515345096588135e-02,3.727483317561564036e-07,5.503056198358535767e-02
7.500032186508178711e-01,3.034864425659179688e+00,9.478093385696411133e-01,3.799520568847656250e+02,3.748872375488281250e+02,1.986205482482910156e+01,-4.324226562500000000e+03,2.588999032974243164e+00,-9.312477539062500000e+03,5.269282683730125427e-02,8.768730594965745695e-07,5.503056198358535767e-02
7.555587291717529297e-01,3.034505844116210938e+00,9.478971958160400391e-01,3.799654846191406250e+02,3.749069519042968750e+02,1.987643814086914062e+01,-4.375962890625000000e+03,2.636466264724731445e+00,-3.459412841796875000e+03,5.277320742607116699e-02,2.329685031554618035e-07,5.503056198358535767e-02
7.611143589019775391e-01,3.034197330474853516e+00,9.479694962501525879e-01,3.799772644042968750e+02,3.749089355468750000e+02,1.989108467102050781e+01,-4.395181640625000000e+03,2.048496484756469727e+00,3.756887939453125000e+03,5.283370614051818848e-02,2.240136467435149825e-07,5.503056198358535767e-02
7.666698694229125977e-01,3.033937931060791016e+00,9.480239152908325195e-01,3.799868774414062500e+02,3.749152526855468750e+02,1.990246582031250000e+01,-4.374310058593750000e+03,1.251937866210937500e+00,-3.007994873046875000e+03,5.289016291499137878e-02,1.546390677731324104e-07,5.503056198358535767e-02
7.722254991531372070e-01,3.033699512481689453e+00,9.480746984481811523e-01,3.799957275390625000e+02,3.749229125976562500e+02,1.990942192077636719e+01,-4.391021484375000000e+03,1.171135425567626953e+00,-7.821453613281250000e+03,5.294887349009513855e-02,5.964236606814665720e-07,5.503056198358535767e-02
7.777810096740722656e-01,3.033467054367065430e+00,9.481275081634521484e-01,3.800028381347656250e+02,3.749169921875000000e+02,1.991592788696289062e+01,-4.434474121093750000e+03,5.399284362792968750e-01,1.872576049804687500e+03,5.300228297710418701e-02,8.969998788188604522e-08,5.503056198358535767e-02
7.833365797996520996e-01,3.033253669738769531e+00,9.481755495071411133e-01,3.800069885253906250e+02,3.749090881347656250e+02,1.991892623901367188e+01,-4.424070800781250000e+03,5.990990400314331055e-01,-2.679747802734375000e+03,5.304349958896636963e-02,1.194821948047319893e-07,5.503056198358535767e-02
7.888921499252319336e-01,3.033068656921386719e+00,9.482126235961914062e-01,3.800093688964843750e+02,3.749039611816406250e+02,1.992225456237792969e+01,-4.438958496093750000e+03,-6.884045600891113281e-01,4.138572998046875000e+02,5.308292433619499207e-02,5.821598847433051560e-08,5.503056198358535767e-02
7.944476604461669922e-01,3.032896518707275391e+00,9.482480883598327637e-01,3.800102844238281250e+02,3.748989257812500000e+02,1.991842842102050781e+01,-4.436659179687500000e+03,-6.444817185401916504e-01,-7.259463500976562500e+02,5.313057079911231995e-02,5.821759430091333343e-08,5.503056198358535767e-02
8.000034093856811523e-01,3.032712697982788086e+00,9.482909440994262695e-01,3.800103759765625000e+02,3.748954772949218750e+02,1.991484832763671875e+01,-4.440692382812500000e+03,-4.513786733150482178e-01,1.337724609375000000e+03,5.317668989300727844e-02,6.482282088882129756e-08,5.503056198358535767e-02
8.055590391159057617e-01,3.032535076141357422e+00,9.483324289321899414e-01,3.800099792480468750e+02,3.748942260742187500e+02,1.991234207153320312e+01,-4.433260742187500000e+03,-5.475046634674072266e-01,4.768171386718750000e+03,5.321956053376197815e-02,2.430416543575120158e-07,5.503056198358535767e-02
8.111146092414855957e-01,3.032367229461669922e+00,9.483709931373596191e-01,3.800099487304687500e+02,3.749011230468750000e+02,1.990929985046386719e+01,-4.406770507812500000e+03,2.415739372372627258e-02,2.019830322265625000e+03,5.326071381568908691e-02,7.848701955026626820e-08,5.503056198358535767e-02
8.166701793670654297e-01,3.032207489013671875e+00,9.484080076217651367e-01,3.800114746093750000e+02,3.749137573242187500e+02,1.990943336486816406e+01,-4.395549316406250000e+03,-1.913389414548873901e-01,1.408003540039062500e+03,5.330709740519523621e-02,5.856498219714012521e-08,5.503056198358535767e-02
8.222256898880004883e-01,3.032041072845458984e+00,9.484497308731079102e-01,3.800146179199218750e+02,3.749266052246093750e+02,1.990837097167968750e+01,-4.387727050781250000e+03,-1.278813034296035767e-01,1.714949493408203125e+02,5.336984992027282715e-02,3.869741505013735150e-08,5.503056198358535767e-02
8.277813196182250977e-01,3.031846046447753906e+00,9.485061764717102051e-01,3.800189208984375000e+02,3.749378051757812500e+02,1.990765953063964844e+01,-4.386774414062500000e+03,5.239763855934143066e-01,2.908755859375000000e+03,5.344068631529808044e-02,1.099990853958843218e-07,5.503056198358535767e-02
8.333368301391601562e-01,3.031637191772460938e+00,9.485698938369750977e-01,3.800240173339843750e+02,3.749505920410156250e+02,1.991057205200195312e+01,-4.370614257812500000e+03,6.962278485298156738e-01,-2.043922119140625000e+03,5.351218581199645996e-02,7.199250973144444288e-08,5.503056198358535767e-02
8.388924598693847656e-01,3.031429052352905273e+00,9.486342072486877441e-01,3.800299377441406250e+02,3.749612121582031250e+02,1.991444015502929688e+01,-4.381969726562500000e+03,9.291065335273742676e-01,1.852476318359375000e+03,5.358123034238815308e-02,6.599639590376682463e-08,5.503056198358535767e-02
8.444479703903198242e-01,3.031228065490722656e+00,9.486963152885437012e-01,3.800358886718750000e+02,3.749701538085937500e+02,1.991960144042968750e+01,-4.371678222656250000e+03,1.704595923423767090e+00,-5.493692626953125000e+02,5.363430827856063843e-02,5.457548013509949669e-08,5.503056198358535767e-02
8.500036001205444336e-01,3.031059265136718750e+00,9.487440586090087891e-01,3.800419616699218750e+02,3.749794006347656250e+02,1.992907142639160156e+01,-4.374729980468750000e+03,1.006521821022033691e+00,1.237042617797851562e+02,5.367565900087356567e-02,3.431347650462157617e-08,5.503056198358535767e-02
8.555593490600585938e-01,3.030920982360839844e+00,9.487812519073486328e-01,3.800479736328125000e+02,3.749869384765625000e+02,1.993466377258300781e+01,-4.374042480468750000e+03,-4.939927160739898682e-02,-2.691014892578125000e+03,5.373198166489601135e-02,8.552662222882645437e-08,5.503056198358535767e-02
8.611149787902832031e-01,3.030756473541259766e+00,9.488319158554077148e-01,3.800536193847656250e+02,3.749904174804687500e+02,1.993438911437988281e+01,-4.388992675781250000e+03,1.030602574348449707e+00,-2.054496337890625000e+03,5.379294604063034058e-02,6.656756568190758117e-08,5.503056198358535767e-02
8.666705489158630371e-01,3.030584096908569336e+00,9.488867521286010742e-01,3.800581054687500000e+02,3.749887695312500000e+02,1.994011497497558594e+01,-4.400406738281250000e+03,1.304043650627136230e+00,3.992481384277343750e+02,5.382939055562019348e-02,3.598496078893731465e-08,5.503056198358535767e-02
8.722261190414428711e-01,3.030461788177490234e+00,9.489195346832275391e-01,3.800612487792968750e+02,3.749873962402343750e+02,1.994735908508300781e+01,-4.398188476562500000e+03,3.743963837623596191e-01,4.367866699218750000e+03,5.385066196322441101e-02,1.841026886495455983e-07,5.503056198358535767e-02
8.777816295623779297e-01,3.030373096466064453e+00,9.489386677742004395e-01,3.800639953613281250e+02,3.749938049316406250e+02,1.994944000244140625e+01,-4.373922851562500000e+03,4.996734261512756348e-01,-6.087966796875000000e+03,5.387319251894950867e-02,3.385031845937191974e-07,5.503056198358535767e-02
8.833372592926025391e-01,3.030285596847534180e+00,9.489589333534240723e-01,3.800671386718750000e+02,3.749958190917968750e+02,1.995221519470214844e+01,-4.407744628906250000e+03,3.867962062358856201e-01,-3.586755126953125000e+03,5.389327183365821838e-02,1.295420020142046269e-07,5.503056198358535767e-02
8.888923525810241699e-01,3.030206441879272461e+00,9.489769935607910156e-01,3.800688476562500000e+02,3.749864501953125000e+02,1.995436286926269531e+01,-4.427671386718750000e+03,2.155073732137680054e-02,7.922409057617187500e+02,5.390552803874015808e-02,2.296421541814197553e-08,5.503056198358535767e-02
8.944479227066040039e-01,3.030144691467285156e+00,9.489880204200744629e-01,3.800686035156250000e+02,3.749778442382812500e+02,1.995448303222656250e+01,-4.423270019531250000e+03,-3.067037761211395264e-01,-6.577077026367187500e+02,5.391195788979530334e-02,2.189396752783068223e-08,5.503056198358535767e-02
9.000035524368286133e-01,3.030100822448730469e+00,9.489938020706176758e-01,3.800674133300781250e+02,3.749722595214843750e+02,1.995277976989746094e+01,-4.426923828125000000e+03,5.188918113708496094e-01,-8.123279296875000000e+03,5.389976501464843750e-02,5.858060490027128253e-07,5.503056198358535767e-02
9.055590629577636719e-01,3.030091047286987305e+00,9.489828348159790039e-01,3.800650024414062500e+02,3.749566650390625000e+02,1.995566177368164062e+01,-4.472053222656250000e+03,-1.085698008537292480e+00,-5.159169433593750000e+03,5.387127026915550232e-02,2.569699972809758037e-07,5.503056198358535767e-02
9.111146926879882812e-01,3.030117034912109375e+00,9.489572048187255859e-01,3.800596008300781250e+02,3.749295654296875000e+02,1.994963073730468750e+01,-4.500715332031250000e+03,-1.796345949172973633e+00,-3.344011474609375000e+03,5.384012684226036072e-02,1.432187275440810481e-07,5.503056198358535767e-02
9.166714549064636230e-01,3.030149459838867188e+00,9.489291906356811523e-01,3.800509033203125000e+02,3.748997802734375000e+02,1.993965148925781250e+01,-4.519293457031250000e+03,-2.357854366302490234e+00,-3.859129882812500000e+03,5.380401387810707092e-02,1.962407623068429530e-07,5.503056198358535767e-02
9.222270250320434570e-01,3.030192375183105469e+00,9.488967061042785645e-01,3.800393676757812500e+02,3.748686218261718750e+02,1.992655181884765625e+01,-4.540732910156250000e+03,-2.811583757400512695e+00,-1.478433715820312500e+03,5.376040935516357422e-02,1.089188614855629567e-07,5.503056198358535767e-02
9.277826547622680664e-01,3.030250072479248047e+00,9.488574862480163574e-01,3.800254211425781250e+02,3.748381347656250000e+02,1.991093063354492188e+01,-4.548946777343750000e+03,-3.302027702331542969e+00,-2.754897949218750000e+03,5.371084436774253845e-02,1.827360165407299064e-07,5.503056198358535767e-02
9.333381652832031250e-01,3.030318975448608398e+00,9.488129019737243652e-01,3.800098571777343750e+02,3.748083190917968750e+02,1.989258766174316406e+01,-4.564251464843750000e+03,-3.835373401641845703e+00,-4.527782058715820312e+01,5.366127938032150269e-02,1.521736550103014451e-07,5.503056198358535767e-02
9.388937950134277344e-01,3.030385971069335938e+00,9.487683176994323730e-01,3.799930114746093750e+02,3.747805175781250000e+02,1.987127876281738281e+01,-4.564502929687500000e+03,-3.949531078338623047e+00,6.571901367187500000e+03,5.361615493893623352e-02,5.318036073731491342e-07,5.503056198358535767e-02
9.444493055343627930e-01,3.030442237854003906e+00,9.487277269363403320e-01,3.799762878417968750e+02,3.747654724121093750e+02,1.984933662414550781e+01,-4.527992187500000000e+03,-4.427763938903808594e+00,1.094302246093750000e+04,5.359315872192382812e-02,1.223439312525442801e-06,5.503056198358535767e-02
9.500049352645874023e-01,3.030452966690063477e+00,9.487070441246032715e-01,3.799624023437500000e+02,3.747721557617187500e+02,1.982473945617675781e+01,-4.467197753906250000e+03,-2.502454757690429688e+00,2.948673828125000000e+03,5.359375476837158203e-02,1.569042211713167490e-07,5.503056198358535767e-02
9.555604457855224609e-01,3.030414819717407227e+00,9.487075805664062500e-01,3.799535522460937500e+02,3.747882385253906250e+02,1.981083679199218750e+01,-4.450815917968750000e+03,-1.875384569168090820e+00,5.840564453125000000e+03,5.360952764749526978e-02,3.506566201849636855e-07,5.503056198358535767e-02
9.611166119575500488e-01,3.030345916748046875e+00,9.487217664718627930e-01,3.799490356445312500e+02,3.748067626953125000e+02,1.980041694641113281e+01,-4.418368652343750000e+03,-6.511712819337844849e-02,1.127743041992187500e+03,5.362967029213905334e-02,3.819693716877736733e-08,5.503056198358535767e-02
9.666721820831298828e-01,3.030268192291259766e+00,9.487398862838745117e-01,3.799484252929687500e+02,3.748253784179687500e+02,1.980005645751953125e+01,-4.412103515625000000e+03,3.363041281700134277e-01,7.886680664062500000e+03,5.364590510725975037e-02,5.608609967566735577e-07,5.503056198358535767e-02
9.722278118133544922e-01,3.030200242996215820e+00,9.487544894218444824e-01,3.799508972167968750e+02,3.748489685058593750e+02,1.980192375183105469e+01,-4.368288085937500000e+03,1.016018390655517578e+00,2.955168457031250000e+03,5.366731062531471252e-02,1.095336941148161713e-07,5.503056198358535767e-02
9.777833223342895508e-01,3.030126333236694336e+00,9.487737417221069336e-01,3.799570922851562500e+02,3.748780822753906250e+02,1.980756950378417969e+01,-4.351870605468750000e+03,1.608424544334411621e+00,-3.359319335937500000e+03,5.369765684008598328e-02,1.436060159676344483e-07,5.503056198358535767e-02
9.833388328552246094e-01,3.030039787292480469e+00,9.488010406494140625e-01,3.799658813476562500e+02,3.748978881835937500e+02,1.981650543212890625e+01,-4.370533691406250000e+03,1.566545009613037109e+00,-2.498455566406250000e+03,5.373675376176834106e-02,9.780629284250608180e-08,5.503056198358535767e-02
9.888944625854492188e-01,3.029940128326416016e+00,9.488362073898315430e-01,3.799748535156250000e+02,3.749065246582031250e+02,1.982520866394042969e+01,-4.384414062500000000e+03,2.054805994033813477e+00,-7.829234619140625000e+02,5.377193912863731384e-02,6.345584324662922882e-08,5.503056198358535767e-02
9.944500327110290527e-01,3.029851198196411133e+00,9.488678574562072754e-01,3.799828796386718750e+02,3.749112548828125000e+02,1.983662414550781250e+01,-4.388763671875000000e+03,1.321213364601135254e+00,-2.995681152343750000e+03,5.380155891180038452e-02,1.128826951912742516e-07,5.503056198358535767e-02
1.000005602836608887e+00,3.029776096343994141e+00,9.488945007324218750e-01,3.799896850585937500e+02,3.749121398925781250e+02,1.984396362304687500e+01,-4.405406250000000000e+03,1.208767533302307129e+00,-3.896736816406250000e+03,5.380155891180038452e-02,0.000000000000000000e+00,5.503056198358535767e-02
